170,"Mukkundhan N",mukku@gmail.com,C-28,C,2,
175,"Naveenkumar S",naveen@gmail.com,C-28,C,3,
176,Navneeth,nav@gmail.com,C-28,C,4,
150,MK,mk@gmail.com,C-99,C,5,
MJ,MJ,mj@gmail.com,C-99,C,6,
CS-A-001,"Norman Cohen",mooneyrobert@yahoo.com,CSE-C23,A,7,
CS-A-002,"Kathleen Jones",wchen@yahoo.com,CSE-C23,A,8,
CS-A-003,"Charlie Brown",csa003@example.com,CS-A-002,A,9,
CS-B-001,"Dana White",csb001@example.com,CS-B-001,B,10,
CS-A-002-004,"Eve Adams",csa002004@example.com,CS-A-002,A,11,
CS-A-003-005,"Frank Martin",csa003005@example.com,CS-A-003,B,12,
CS-B-002-006,"Grace Lee",csb002006@example.com,CS-B-002,C,13,
CS-B-003-007,"Henry Ford",csb003007@example.com,CS-B-003,A,14,
CS-C-001-008,"Isla Davis",csc001008@example.com,CS-C-001,B,15,
CS-A-002-009,"Jack Wilson",csa002009@example.com,CS-A-002,C,16,
CS-A-003-010,"Karen Taylor",csa003010@example.com,CS-A-003,A,17,
CS-B-002-011,"Leo Brown",csb002011@example.com,CS-B-002,B,18,
CS-B-003-012,"Mia Harris",csb003012@example.com,CS-B-003,C,19,
CS-C-001-013,"Noah King",csc001013@example.com,CS-C-001,A,20,
CS-A-002-014,"Olivia Scott",csa002014@example.com,CS-A-002,B,21,
CS-A-003-015,"Paul Walker",csa003015@example.com,CS-A-003,C,22,
CS-B-002-016,"Quinn Lewis",csb002016@example.com,CS-B-002,A,23,
CS-B-003-017,"Ryan Carter",csb003017@example.com,CS-B-003,B,24,
CS-C-001-018,"Sophia Clark",csc001018@example.com,CS-C-001,C,25,
CS-A-002-019,"Tom Allen",csa002019@example.com,CS-A-002,A,26,
CS-A-003-020,"Uma Roberts",csa003020@example.com,CS-A-003,B,27,
CS-B-002-021,"Victor Young",csb002021@example.com,CS-B-002,C,28,
CS-B-003-022,"Will Baker",csb003022@example.com,CS-B-003,A,29,
CS-C-001-023,"Xena Thomas",csc001023@example.com,CS-C-001,B,30,
CS-A-002-024,"Yara Hall",csa002024@example.com,CS-A-002,C,31,
CS-A-003-025,"Zane Nelson",csa003025@example.com,CS-A-003,A,32,
CS-B-002-026,"Aaron Hughes",csb002026@example.com,CS-B-002,B,33,
CS-B-003-027,"Bella Evans",csb003027@example.com,CS-B-003,C,34,
CS-C-001-028,"Caleb Reed",csc001028@example.com,CS-C-001,A,35,
CS-A-002-029,"Diana Cooper",csa002029@example.com,CS-A-002,B,36,
CS-A-003-030,"Ethan Flores",csa003030@example.com,CS-A-003,C,37,
CS-B-002-031,"Fiona Graham",csb002031@example.com,CS-B-002,A,38,
CS-B-003-032,"George Turner",csb003032@example.com,CS-B-003,B,39,
CS-C-001-033,"Hannah Price",csc001033@example.com,CS-C-001,C,40,
CS-A-002-034,"Ian Ward",csa002034@example.com,CS-A-002,A,41,
CS-A-003-035,"Julia Ramirez",csa003035@example.com,CS-A-003,B,42,
CS-B-002-036,"Kyle Diaz",csb002036@example.com,CS-B-002,C,43,
CS-B-003-037,"Lena Chavez",csb003037@example.com,CS-B-003,A,44,
CS-C-001-038,"Mason Brooks",csc001038@example.com,CS-C-001,B,45,
CS-A-002-039,"Natalie Rivera",csa002039@example.com,CS-A-002,C,46,
CS-A-003-040,"Oscar Rogers",csa003040@example.com,CS-A-003,A,47,
CS-B-002-041,"Penny Cox",csb002041@example.com,CS-B-002,B,48,
CS-B-003-042,"Quincy Barnes",csb003042@example.com,CS-B-003,C,49,
CS-C-001-043,"Rebecca Jenkins",csc001043@example.com,CS-C-001,A,50,
CS-A-002-044,"Samuel Perry",csa002044@example.com,CS-A-002,B,51,
CS-A-003-045,"Tina Murphy",csa003045@example.com,CS-A-003,C,52,
CS-B-002-046,"Ulysses Bryant",csb002046@example.com,CS-B-002,A,53,
CS-B-003-047,"Vera Fisher",csb003047@example.com,CS-B-003,B,54,
CS-C-001-048,"Wesley Fox",csc001048@example.com,CS-C-001,C,55,
CS-A-002-049,"Xander Simmons",csa002049@example.com,CS-A-002,A,56,
CS-A-005,"Eve Adams",eve.adams@gmail.com,c23-A-A,A,57,
CS-A-009,"Ivy Lee",ivy.lee@gmail.com,c23-A-A,A,58,
CS-A-013,"Charlie Brown",charlie.brown@gmail.com,c23-A-A,A,59,
CS-A-017,"Grace Hall",grace.hall@gmail.com,c23-A-A,A,60,
CS-B-003,"Daniel Roberts DDS",louis12@yahoo.com,CSE-C24,B,61,
CS-B-004,"Chris Rollins",pmoore@hotmail.com,CSE-C24,B,62,
CS-B-005,"Nicholas Wright",william27@hotmail.com,CSE-C24,B,63,
CS-C-006,"Bernard Young",samantha11@yahoo.com,CSE-C25,C,64,
CS-C-007,"Alexis Ballard",torresjoseph@hotmail.com,CSE-C25,C,65,
CS-D-008,"Stephen Lee",ssparks@hancock.biz,CSE-C26,D,66,
CS-D-009,"Jody Roberts DDS",ryangardner@kaufman.com,CSE-C26,D,67,
CS-D-010,"Brady Walton",brandonsweeney@yahoo.com,CSE-C26,D,68,
CS-E-011,"Shawn Flores",aholt@young-briggs.com,CSE-C27,E,69,
CS-E-012,"Mike Woods",michaelhubbard@hotmail.com,CSE-C27,E,70,
CS-E-013,"Tracy Harper",kimberlyturner@rice-vega.com,CSE-C27,E,71,
CS-F-014,"Katrina Peterson",leetracy@becker.org,CSE-C28,A,72,
CS-F-015,"Jodi Davis",glasskenneth@rodriguez.biz,CSE-C28,A,73,
CS-G-016,"William Scott",jjenkins@hotmail.com,CSE-C29,A,74,
CS-G-017,"Alexa Thomas",vasquezstacy@yahoo.com,CSE-C29,A,75,
CS-G-018,"Clinton Peterson",wcherry@yahoo.com,CSE-C29,A,76,
CS-H-019,"Joseph Johnson",nancy56@hotmail.com,CSE-C30,A,77,
CS-H-020,"Mary Schneider",osullivan@gmail.com,CSE-C30,A,78,
CS-H-021,"Emily Huerta",zrobertson@thompson.com,CSE-C30,A,79,
CS-I-022,"Kristina Murray",oliverconnie@simpson.com,CSE-C31,A,80,
CS-I-023,"Douglas Dickerson",william35@johnson.com,CSE-C31,A,81,
CS-J-024,"Joel Newman",tiffany85@jones-miller.biz,CSE-C32,A,82,
CS-J-025,"Todd Cooper",curtiskelly@gmail.com,CSE-C32,A,83,
CS-J-026,"Raymond Hood",ysellers@hotmail.com,CSE-C32,A,84,
CS-K-027,"Miss Sara Davis",ocastillo@davis-thornton.org,CSE-C33,A,85,
CS-K-028,"Tina Parker",brett60@yahoo.com,CSE-C33,A,86,
CS-K-029,"Aaron Richards",ysanders@davis.info,CSE-C33,A,87,
CS-L-030,"Michelle Gibson",duncanarthur@garcia.com,CSE-C34,A,88,
CS-L-031,"Norman Herring",chelseaedwards@hotmail.com,CSE-C34,A,89,
CS-M-032,"Jessica Sanchez",youngwilliam@clark.biz,CSE-C35,A,90,
CS-M-033,"Pamela Mendoza",ggonzalez@smith.biz,CSE-C35,A,91,
CS-N-034,"Dustin White",gabrielagonzalez@chavez.com,CSE-C36,A,92,
CS-N-035,"Andrew Turner",stacey90@boyd.com,CSE-C36,A,93,
CS-O-036,"Alfred Perkins",hsmith@kane-johnson.com,CSE-C37,A,94,
CS-O-037,"John Ellison",romeroshari@yahoo.com,CSE-C37,A,95,
CS-O-038,"Jamie Dixon",larsenseth@moreno.com,CSE-C37,A,96,
CS-P-039,"Ashley Mcdonald",kirkterri@gmail.com,CSE-C38,A,97,
CS-P-040,"Ricardo Bates",dscott@owens-olson.com,CSE-C38,A,98,
CS-P-041,"Caitlin Martin",ewright@hotmail.com,CSE-C38,A,99,
CS-Q-042,"Jessica Peterson",martinezbenjamin@yahoo.com,CSE-C39,A,100,
CS-Q-043,"Jasmin Thompson",cortezsusan@yahoo.com,CSE-C39,A,101,
CS-Q-044,"Joshua Jones",garciatim@lawson.org,CSE-C39,A,102,
CS-R-045,"Kelly Manning",cherylyoung@hotmail.com,CSE-C40,A,103,
CS-R-046,"Jeremiah Velazquez",qsmith@davis-burke.com,CSE-C40,A,104,
CS-S-047,"Daniel Bean",ijohnson@hotmail.com,CSE-C41,A,105,
CS-S-048,"Gary Johnson",gregory65@gmail.com,CSE-C41,A,106,
CS-T-049,"Sara Taylor MD",monicajones@yahoo.com,CSE-C42,A,107,
CS-T-050,"Courtney Boyd",wbest@cruz.com,CSE-C42,A,108,
